File,DSC,HD
AbdomenCT1K/CT_Liver/casenum_00371_sliceid_50.npy,0.9844867587089539,1.0
AbdomenCT1K/CT_Liver/casenum_00944_sliceid_422.npy,0.9819616675376892,1.0
ISIC2018/Dermoscopy_Skin/casenum_ISIC_0000017_sliceid_1010.npy,0.9804095029830933,3.0
ISIC2018/Dermoscopy_Skin/casenum_ISIC_0009988_sliceid_2412.npy,0.987359344959259,25.14044761657715
MSD_Task05/MRI_ProstatePeripheralZone/ADC/casenum_17_sliceid_8.npy,0.9168646335601807,2.2360680103302
MSD_Task05/MRI_ProstatePeripheralZone/ADC/casenum_41_sliceid_14.npy,0.9168506264686584,4.242640495300293
MSD_Task05/MRI_ProstatePeripheralZone/T2/casenum_17_sliceid_8.npy,0.9343544840812683,1.7071068286895752
MSD_Task05/MRI_ProstatePeripheralZone/T2/casenum_47_sliceid_15.npy,0.9530516266822815,2.8284270763397217
MSD_Task05/MRI_ProstateTransitionalZone/ADC/casenum_41_sliceid_1.npy,0.8349390029907227,8.0
MSD_Task05/MRI_ProstateTransitionalZone/T2/casenum_17_sliceid_10.npy,0.9047386646270752,2.9914214611053467
